Division,Full Name,Short Title,image_url,url,Mission Type,# of spacecraft,Program,Formulation Start Date,Implementation Start Date,LCC (M$),Mission Launch Date,Prime Mission End Date,Mission End Date,Mission Target,Mission Objective,Scientific Instruments,Nation,Launch Vehicle,Mass,COSPAR ID,Wikipedia URL
Planetary Science,Able 1,Pioneer 0,,https://science.nasa.gov/mission/pioneer-0-able1/,Orbiter,,,,,,1958-08-17,,1958-08-17,Earth's Moon,Orbit Earth's Moon,1. Magnetometer 2. Micrometeoroid Detector 3. Two Temperature Sensors 4. TV Camera,United States of America (USA),,,,
Planetary Science,Able 2,Pioneer 1,,https://science.nasa.gov/mission/pioneer-1-able-2/,Orbiter,,,,,,1958-10-11,,1958-10-12,Earth's Moon,Study the Moon,1. Ion Chamber 2. Magnetometer 3. Micrometeoroid Detector 4. TV Camera 5. Two Temperature Sensors,United States,Thor-Able,34.2 kg,1958-007A,
Planetary Science,Pioneer 2,Pioneer 2,,https://science.nasa.gov/mission/pioneer-2/,Orbiter,,,,,,1958-11-08,,1958-11-08,Earth's Moon,Orbit Earth's Moon,Ionization Chamber Magnetometer Temperature Sensors Micrometeoroid Sensor Proportional Counter Telescope TV system,United States,Thor-Able,39.2 kg,PION2,
Planetary Science,Able 4B,Pioneer P-3,,https://science.nasa.gov/mission/pioneer-p-3-able-4b/,Orbiter,,,,,,1958-12-06,,1959-11-26,Earth's Moon,Orbit the Moon,1. High-Energy Radiation Counter 2. Ionization Chamber 3. Geiger-Mueller Tube 4. Low-Energy Radiation Counter 5. Two Magnetometers 6. P hoto-Scanning Device 7. Micrometeoroid Detector 8. Aspect Indicator 9. Radio Receiver (to detect natural radio waves) 10. Transponder (to measure electron densities),United States,Juno 2 (Juno II),5.87 kg,1958-008A,
Planetary Science,Pioneer 3,Pioneer 3,,https://science.nasa.gov/mission/pioneer-3/,Flyby,,,,,,1958-12-06,,1958-12-07,Earth's Moon,Fly by Earth's Moon,Photoelectric Sensor Trigger Two Geiger-Mueller Counters,United States,Juno 2 (Juno II),5.87 kg,1958-008A,
Planetary Science,Pioneer 4,Pioneer 4,,https://science.nasa.gov/mission/pioneer-4/,Flyby,,,,,,1959-03-03,,1959-03-05,Earth's Moon,Fly by Earth's Moon,Photoelectric Sensor Trigger Two Geiger-Mueller Counters,United States,Juno 2 (Juno II),6.1 kg,1959-013A,
Planetary Science,Pioneer 5,Pioneer 5,,https://science.nasa.gov/mission/pioneer-5/,Orbiter,,,,,,1960-03-11,,1960-06-26,"Solar System, Universe",Demonstrate deep space technologies,"1. Magnetometer 2. I onization C hamber 3, Geiger-Mueller T ube 4. Micrometeoroid M omentum S pectrometer 5. Photoelectric C ell A spect I ndicator 6. Proportional C ounter T elescope",United States,Thor-Able,43 kg,1960-001A,
Planetary Science,Able 5A,Pioneer P-30,,https://science.nasa.gov/mission/pioneer-p-30-able-5a/,Orbiter,,,,,,1960-09-25,,1960-09-25,Earth's Moon,Orbit the Moon,1. High-Energy Radiation Counter 2. Ionization Chamber 3. Geiger-Mueller Tube 4. Low-Energy Radiation Counter 5. Two Magnetometers 6. S cintillation Spectrometer 7. Micrometeoroid Detector 8. P lasma Probe 9. Sun Scanner,United States,Atlas-Able,175.5 kg,PIONY,
Planetary Science,Able 5B,Pioneer P-31,,https://science.nasa.gov/mission/pioneer-p-31-able-5b/,Orbiter,,,,,,1960-12-15,,1960-12-15,Earth's Moon,Orbit the Moon,Micrometeoroid Detector High-Energy Radiation Counter Ionization Chamber Geiger-Mueller Tube Low-Energy Radiation Counter Flux-Gate Magnetometer and a Spinsearch Coil Magnetometer Sun Scanner Plasma Probe Scintillation Spectrometer Solid State Detector,United States,Atlas-Able,175 kg,PIONZ,
Planetary Science,Ranger 1,Ranger 1,,https://science.nasa.gov/mission/ranger-1/,Orbiter,,,,,,1961-08-23,,1961-08-30,Highly Elliptical Earth Orbit,,1. Electrostatic Analyzer 2. Photoconductive Particle Detectors 3. Rubidium Vapor Magnetometer 4. Triple Coincidence Cosmic-Ray Telescope 5. Cosmic Ray Integrating Ionization Chamber 6. X-Ray Scintillation Detectors 7. Micrometeoroid Dust Particle Detectors 8. Lyman Alpha Scanning Telescope,United States,Atlas-Agena B,306.2 kg,1961-021A,
Planetary Science,Ranger 2,Ranger 2,,https://science.nasa.gov/mission/ranger-2/,Orbiter,,,,,,1961-11-18,,1961-11-20,Highly Elliptical Earth Orbit,Test new technologies,1. Electrostatic Analyzer for Solar Plasma 2. Photoconductive Particle Detectors 3. Rubidium Vapor Magnetometer 4. Triple Coincidence Cosmic Ray Telescope 5. Cosmic Ray Integrating Ionization Chamber 6. X-ray Scintillation Detectors 7. Micrometeoroid Dust Particle Detectors 8. Lyman Alpha Scanning Telescope,United States,Atlas-Agena B,304 kg,1961-032A,
Planetary Science,Ranger 3,Ranger 3,,https://science.nasa.gov/mission/ranger-3/,Impact,,,,,,1962-01-26,,1962-01-28,Earth's Moon,Impact the Moon,1. Vidicon TV Camera 2. Gamma Ray spectrometer 3. Radar Altimeter 4. Single-Axis Seismometer,United States,Atlas-Agena B,329.8 kg,1962-001A,
Planetary Science,Ranger 4,Ranger 4,,https://science.nasa.gov/mission/ranger-4/,Impact,,,,,,1962-04-23,,1962-04-26,Earth's Moon,Impact the Moon,1. Vidicon TV Camera 2. Gamma-Ray Spectrometer 3. Radar Altimeter 4. Single-Axis Seismometer,United States,Atlas-Agena B,331.1 kg,1962-012A,
Planetary Science,Mariner 1,Mariner 1,,https://science.nasa.gov/mission/mariner-1/,Flyby,,,,,,1962-07-22,,1962-07-22,Venus,,1. Microwave Radiometer 2. Infrared Radiometer 3. Fluxgate Magnetometer 4. Cosmic Dust Detector 5. Solar Plasma Spectrometer 6. Energetic Particle Detectors 7. Ionization Chamber,United States,Atlas-Agena B,202.8 kg,MARIN1,
Planetary Science,Mariner 2,Mariner 2,,https://science.nasa.gov/mission/mariner-2/,Flyby,,,,,,1962-08-27,,1963-01-03,Venus,,1. Microwave Radiometer 2. Infrared Radiometer 3. Fluxgate Magnetometer 4. Cosmic Dust Detector 5. Solar Plasma Spectrometer 6. Energetic Particle Detectors 7. Ionization Chamber,United States,Atlas-Agena B,202.8 kg,1962-041A,
Planetary Science,Ranger 5,Ranger 5,,https://science.nasa.gov/mission/ranger-5/,Impact,,,,,,1962-10-18,,1962-10-21,Earth's Moon,Impact the Moon,1. Imaging System 2. Gamma-Ray Spectrometer 3. Single-Axis Seismometer 4. Surface-Scanning Pulse Radio Experiment,United States,Atlas-Agena B,342.5 kg,1962-055A,
Planetary Science,Ranger 6,Ranger 6,,https://science.nasa.gov/mission/ranger-6/,Impact,,,,,,1964-01-30,,1964-02-02,Earth's Moon,Impact the Moon,1. Imaging System (Six TV Cameras),United States,Atlas-Agena B,381 kg,1964-007A,
Planetary Science,Ranger 7,Ranger 7,,https://science.nasa.gov/mission/ranger-7/,Impact,,,,,,1964-07-28,,1964-07-31,Earth's Moon,Photograph and then impact the Moon,,United States,Atlas-Agena B,365.7 kg,1964-041A,
Planetary Science,Mariner 3,Mariner 3,,https://science.nasa.gov/mission/mariner-3/,Flyby,,,,,,1964-11-05,,1964-11-05,Mars,,1. Imaging System 2. Cosmic Dust Detector 3. Cosmic Ray Telescope 4. Ionization Chamber 5. Helium Magnetometer 6. Trapped Radiation Detector 7. Solar Plasma Probe,United States,Atlas-Agena D,260.8 kg,1964-073A,
Planetary Science,Mariner 4,Mariner 4,,https://science.nasa.gov/mission/mariner-4/,Flyby,,,,,,1964-11-28,,1967-12-21,Mars,,1. Imaging System 2. Cosmic Dust Detector 3. Cosmic Ray Telescope 4. Ionization Chamber 5. Helium Magnetometer 6. Trapped Radiation Detector 7. Solar Plasma Probe,United States,Atlas-Agena D,260.68 kg,1964-077A,
Planetary Science,Ranger 8,Ranger 8,,https://science.nasa.gov/mission/ranger-8/,Impact,,,,,,1965-02-17,,1965-02-20,Earth's Moon,Photograph and then impact the Moon,1. Imaging System (Six TV Cameras),United States,Atlas-Agena B,367 kg,1965-010A,
Planetary Science,Surveyor Model SD-1,Surveyor Model SD-1,,https://science.nasa.gov/mission/surveyor-model-sd-1/,"Space Technology, Demonstration Mission",,,,,,1965-03-02,,1965-03-02,Earth orbit,Rehearse an Atlas Centaur 5 upper stage burn,,United States of America (USA),Atlas Centaur (AC-5 / Atlas C no. 156D / Centaur C),,,
Planetary Science,Ranger 9,Ranger 9,,https://science.nasa.gov/mission/ranger-9/,Impact,,,,,,1965-03-21,,1965-03-24,Earth's Moon,Photograph and then impact the Moon,1. Imaging System (Six TV Cameras),United States,Atlas-Agena B,367 kg,1965-023A,
Planetary Science,Surveyor Model 1,Surveyor Test Article-1,,https://science.nasa.gov/mission/surveyor-model-1/,Space Technology,,,,,,1965-08-11,,1965-09-11,Earth orbit,Launch a test Surveyor spacecraft into orbit,,United States,Atlas-Centaur,952.6 kg,1965-064A,
Planetary Science,Pioneer 6,Pioneer A,,https://science.nasa.gov/mission/pioneer-6/,Orbiter,,,,,,1965-12-16,,1995-12-01,Sun-Earth Interaction,Study interplanetary phenomena,1. Single-Axis Fluxgate Magnetometer 2. Plasma Faraday Cup 3. Electrostatic Analyzer 4. Cosmic Ray Telescope 5. Cosmic Ray Anisotropy Detector 6. Two-Frequency Beacon Receiver,United States of America (USA),Thrust Augmented Delta (Thor Delta E no. 35 / Thor no. 460/DSV-3E),,,
Planetary Science,Surveyor Model ,Surveyor Test Article-2,,https://science.nasa.gov/mission/surveyor-model-2/,Space Technology,,,,,,1966-04-08,,1966-04-08,Earth orbit,Test to launch a dummy Surveyor lunar lander,,United States of America (USA),Atlas Centaur (AC-8 / Atlas no. 184D / Centaur D),,,
Planetary Science,Surveyor 1,Surveyor 1,,https://science.nasa.gov/mission/surveyor-1/,Lander,,,,,,1966-05-30,,1967-01-07,Moon,Make a soft landing on the Moon,1. TV Camera,United States,Atlas-Centaur,294.3 kg,1966-045A,
Planetary Science,Explorer 33,AIMP-D,,https://science.nasa.gov/mission/explorer-33/,Orbiter,,,,,,1966-07-01,,1971-09-21,Earth's Moon,Orbit Earth's Moon,1. Ionizing Radiation Experiment 2. Three-Grid Faraday Cup / Thermal Ion Experiment 3. Three GM Tubes and a PN Junction Semiconductor / Energetic Particle Experiment 4. Plasma Probe Experiment 5. Magnetometer (from Ames) 6. Magnetometer (from GSFC) 7. Solar Cell Damage Experiment,United States,Delta,93.4 kg,1966-058A,
Planetary Science,Lunar Orbiter 1,Lunar Orbiter 1,,https://science.nasa.gov/mission/lunar-orbiter-1/,Orbiter,,,,,,1966-08-10,,1966-10-29,Earth's Moon,Photograph potential Apollo landing sites,Imaging System Micrometeoroid Detectors Radiation Dosimeters,United States,Atlas-Agena D,385.6 kg,1966-073A,
Planetary Science,Pioneer 7,Pioneer B,,https://science.nasa.gov/mission/pioneer-7/,Orbiter,,,,,,1966-08-17,,1995-03-31,Sun-Earth Interaction,"Study Earth’s magnetic tail, approach Halley's comet",1. Single-Axis Fluxgate Magnetometer 2. Plasma Faraday Cup 3. Electrostatic Analyzer 4. Cosmic Ray Telescope 5. Cosmic Ray Anisotropy Detector 6. Two-Frequency Beacon Receiver,United States,Delta,138 kg,1966-075A,
Planetary Science,Surveyor 2,Surveyor 2,,https://science.nasa.gov/mission/surveyor-2/,Lander,,,,,,1966-09-20,,1966-09-22,Moon,Make a soft landing on the Moon,Imaging System,United States,Atlas-Centaur,292 kg,1966-084A,
Planetary Science,Lunar Orbiter 2,Lunar Orbiter 2,,https://science.nasa.gov/mission/lunar-orbiter-2/,Orbiter,,,,,,1966-11-06,,1967-10-11,Earth's Moon,Photograph potential Apollo landing sites,1. Imaging System 2. Micrometeoroid Detectors 3. Radiation Dosimeters,United States,Atlas-Agena D,385.6 kg,1966-100A,
Planetary Science,Lunar Orbiter 3,Lunar Orbiter 3,,https://science.nasa.gov/mission/lunar-orbiter-3/,Orbiter,,,,,,1967-02-05,,1967-10-09,Earth's Moon,Photograph potential Apollo landing sites,1. Imaging System 2. Micrometeoroid Detectors 3. Radiation Dosimeters,United States,Atlas-Agena D,385.6 kg,1967-008A,
Planetary Science,Surveyor 3,Surveyor 3,,https://science.nasa.gov/mission/surveyor-3/,Lander,,,,,,1967-04-17,,1967-05-03,Moon,Make a soft landing on the Moon,1. TV Camera 2. Surface Sampler,United States,Atlas-Centaur,296 kg,1967-035A,
Planetary Science,Lunar Orbiter 4,Lunar Orbiter 4,,https://science.nasa.gov/mission/lunar-orbiter-4/,Orbiter,,,,,,1967-05-04,,1967-10-31,Earth's Moon,Photograph the Moon,1. Imaging System 2. Micrometeoroid Detectors 3. Radiation Dosimeters,United States,Atlas-Agena D,385.6 kg,1967-041A,
Planetary Science,Mariner 5,Mariner 5,,https://science.nasa.gov/mission/mariner-5/,Flyby,,,,,,1967-06-14,,1967-11-01,Venus,,1.Ultraviolet Photometer 2. S-band Occultation Experiment 3. Dual Frequency Occultation Experiment 4. Solar Plasma Probe 5 Magnetometer 6. Trapped Radiation Detector 7. Celestial Mechanics Experiment,United States,Atlas-Agena D,244.9 kg,1967-060A,
Planetary Science,Surveyor 4,Surveyor 4,,https://science.nasa.gov/mission/surveyor-4/,Lander,,,,,,1967-07-14,,1967-07-17,Moon,Make a soft landing on the Moon,1. TV Camera 2. Surface Sampler,United States,Atlas-Centaur,283 kg,1967-068A,
Planetary Science,Explorer 35,AIMP-E,,https://science.nasa.gov/mission/explorer-35/,Orbiter,,,,,,1967-07-19,,1973-06-24,Earth's Moon,Orbit and study Earth's Moon,1. Magnetometers 2. Thermal Ion Detector 3. Ion Chambers and Geiger Tubes 4. Geiger Tubes and P-on-N Junction 5. Micrometeoroid Detector 6. Faraday Cup,United States,Thrust Augmented Delta,93.5 kg,1967-070A,
Planetary Science,Lunar Orbiter 5,Lunar Orbiter 5,,https://science.nasa.gov/mission/lunar-orbiter-5/,Orbiter,,,,,,1967-08-01,,1968-01-31,Earth's Moon,Photograph the Moon,1. Imaging System 2. Micrometeoroid Detectors 3. Radiation Dosimeters,United States,Atlas-Agena D,385.6 kg,1967-075A,
Planetary Science,Surveyor 5,Surveyor 5,,https://science.nasa.gov/mission/surveyor-5/,Lander,,,,,,1967-09-08,,1967-12-17,Moon,Do a soil analysis on the Moon,1. TV Camera 2. Alpha-Scattering Instrument 3. Footpad Magnet,United States,Atlas-Centaur,303 kg,1967-084A,
Planetary Science,Surveyor 6,Surveyor 6,,https://science.nasa.gov/mission/surveyor-6/,Lander,,,,,,1967-11-07,,1967-11-24,Moon,Make a soft landing on the Moon,1. TV Camera 2. Alpha-Scattering Instrument 3. Footpad Magnets,United States,Atlas-Centaur,299.6 kg,1967-112A,
Planetary Science,Pioneer 8,Pioneer C,,https://science.nasa.gov/mission/pioneer-8/,Orbiter,,,,,,1967-12-13,,1996-08-22,Sun-Earth Interaction,Study interplanetary space,1. Single-Axis Fluxgate Magnetometer 2. Plasma Analyzer 3. Cosmic Ray Telescope 4. Radio-Wave Propagation Experiment 5. Cosmic Ray Gradient Detector 6. Electric Field Detector 7. Cosmic Dust detector 8. Celestial Mechanics Experiment,United States,Delta,146 kg,1967-123A,
Planetary Science,Surveyor 7,Surveyor 7,,https://science.nasa.gov/mission/surveyor-7/,Lander,,,,,,1968-01-07,,1968-02-21,Moon,Study the Moon,1. TV Camera 2. Alpha-Scattering Instrument 3. Surface Sampler 4. Footpad Magnets 5. Stereoscopic and Dust Detection Mirrors,United States,Atlas-Centaur,305.7 kg,1968-001A,
Planetary Science,Pioneer 9,Pioneer 9,,https://science.nasa.gov/mission/pioneer-9/,Orbiter,,,,,,1968-11-08,,1987-03-03,Sun-Earth Interaction,Study interplanetary space,1. Triaxial Fluxgate Magnetometer 2. Plasma Analyzer 3. Cosmic Ray-Anesotropy Detector 4. Cosmic Ray Gradient Detector 5. Radio Wave Propagation Experiment 6. Electric Field Detector 7. Cosmic Dust Detector 8. Celestial Mechanics Experiment,United States,Delta,147 kg,1968-100A,
Astrophysics,Orbiting Astronomical Observatory 2 (Stargazer),OAO 2,,https://nssdc.gsfc.nasa.gov/nmc/spacecraft/display.action?id=1972-001A,Astronomy,,,,,,1968-12-07,,1973-02-01,X-ray astronomy,Study X-ray sources,X-ray telescope,United States,Atlas-Centaur,2150 kg,1968-110A,
Planetary Science,Mariner 6,Mariner 6,,https://science.nasa.gov/mission/mariner-6/,Flyby,,,,,,1969-02-25,,1969-08-01,Mars,,1. Imaging System (Two TV cameras) 2. Infrared Spectrometer 3. Ultraviolet Spectrometer 4. Infrared Radiometer 5. Celestial Mechanics Experiment 6. S-Band Occultation Experiment 7. Conical Radiometer,United States,Atlas-Centaur,411.8 kg,1969-014A,
Planetary Science,Mariner 7,Mariner 7,,https://science.nasa.gov/mission/mariner-7/,Flyby,,,,,,1969-03-27,,1969-08-01,Mars,Mars Flyby,1. Imaging System (Two TV cameras) 2. Infrared Spectrometer 3. Ultraviolet Spectrometer 4. Infrared Radiometer 5. Celestial Mechanics Experiment 6. S-Band Occultation Experiment 7. Conical Radiometer,United States,Atlas-Centaur,411.8 kg,1969-030A,
Planetary Science,Pioneer-E,Pioneer-E,,https://science.nasa.gov/mission/pioneer-e/,Orbiter,,,,,,1969-08-27,,1969-08-27,Solar System,Study interplanetary space,1. Three-Axis Magnetometer 2. Cosmic Ray Telescope 3. Radio Propagation Detector 4. Electric Field Detector 5. Quadrispherical Plasma Analyzer 6. Cosmic Ray Anisotropy Detector 7. Cosmic Dust Detector 8. Celestial Mechanics Experiment,United States,Delta,148 kg,PIONE,
Earth Science,Aquarius/SAC-D,Aquarius,,https://science.nasa.gov/mission/aquarius/,Orbiter,,,,,,1970-04-11,,2015-06-08,Earth,Observe sea surface salinity,,United States,Saturn 5,15196 kg,1970-029C,
Planetary Science,Mariner 8,Mariner 8,,https://science.nasa.gov/mission/mariner-8/,Orbiter,,,,,,1971-05-09,,1971-05-09,Mars,Orbit Mars,1. Imaging System 2. Ultraviolet Spectrometer 3. Infrared Spectrometer 4. Infrared Radiometer,United States,Atlas-Centaur,558.8 kg,MARINH,
Planetary Science,Mariner 9,Mariner 9,,https://science.nasa.gov/mission/mariner-9/,Orbiter,,,,,,1971-05-30,,1972-10-27,Mars,,1. Imaging System 2. Ultraviolet Spectrometer 3. Infrared Spectrometer 4. Infrared Radiometer,United States,Atlas-Centaur,558.8 kg,1971-051A,
Planetary Science,Pioneer 10,Pioneer 10,,https://science.nasa.gov/mission/pioneer-10/,Flyby,,,,,,1972-03-03,,2003-01-23,Jupiter,Jupiter Flyby,Imaging Photopolarimeter Helium Vector Magnetometer (HVM) Infrared Adiometer Quadrispherical Plasma Analyzer Ultraviolet Photometer Charged Particle Instrument (CPI) Cosmic Ray Telescope (CRT) Geiger Tube Telescope (GTT) Sisyphus Asteroid/Meteoroid Detector (AMD) Meteoroid Detectors Trapped Radiation Detector (TRD),United States,Atlas-Centaur,258 kg,1972-012A,
Astrophysics,Orbiting Astronomical Observatory 3 (Copernicus),OAO 3,,https://nssdc.gsfc.nasa.gov/nmc/spacecraft/display.action?id=1975-001A,Astronomy,,,,,,1972-08-21,,1981-02-01,X-ray astronomy,Study X-ray sources,X-ray telescope,United States,Atlas-Centaur,2150 kg,1972-065A,
Planetary Science,Pioneer 11,Pioneer 11,,https://science.nasa.gov/mission/pioneer-11/,Flyby,,,,,,1973-04-06,,1995-11-24,Jupiter and Saturn,"Jupiter Flyby, Saturn Flyby",1. Imaging Photopolarimeter 2. Helium Vector Magnetometer (HVM) 3. Infrared Radiometer 4. Quadrispherical Plasma Analyzer 5. Ultraviolet Photometer 6. Charged Particle Instrument (CPI) 7. Cosmic Ray Telescope (CRT) 8. Geiger Tube Telescope (GTT) 9. Sisyphus Asteroid/Meteoroid Detector (AMD) 10. Meteoroid Detectors 11. Trapped Radiation Detector (TRD) 12. Triaxial Fluxgate Magnetometer,United States,Atlas-Centaur,259 kg,1973-019A,
Planetary Science,"Explorer 49 (Radio Astronomy Explorer-B, RAE-B)",Explorer 49,,https://science.nasa.gov/mission/explorer-49/,Orbiter,,,,,,1973-06-10,,1977-08-01,Earth's Moon,Study low-frequency radio emissions,1. Galactic Studies Experiment 2. Sporadic Low-Frequency Solar Radio Bursts Experiment 3. Sporadic Jovian Bursts Experiment 4. Radio Emission From Terrestrial Magnetosphere Experiment 5. Cosmic Source Observation Experiment,United States,Delta,328 kg,1973-039A,
Heliophysics,Interplanetary Monitoring Platform 8 (Explorer 50),IMP-8,,https://science.nasa.gov/mission/imp-8/,Orbiter,,,,,,1973-10-26,,2006-10-28,Space Environment,Study the boundary between Earth’s magnetic environment and interplanetary space,,United States,Delta,371 kg,1973-078A,
Planetary Science,Mariner 10,Mariner 10,,https://science.nasa.gov/mission/mariner-10/,Multiple Flybys,,,,,,1973-11-03,,1975-03-24,"Mercury, Venus",,1. Two Telescopes/Cameras 2. Infrared Radiometer 3. Ultraviolet Airglow Spectrometer 4. Ultraviolet Occultation Spectrometer 5. Magnetometer 6. Charged Particle Telescope 7. Plasma Analyzer,United States,Atlas-Centaur,473.9 kg,1973-085A,
Heliophysics,Helios 1 (Helios-A),Helios 1,,https://science.nasa.gov/mission/helios-1/,Probe,,,,,,1974-12-10,,1986-01-01,Sun-Earth Interaction,Study solar processes,,United States,Titan IIIE-Centaur,371.2 kg,1974-097A,
Planetary Science,Viking 1,Viking 1,,https://science.nasa.gov/mission/viking-1/,"Orbiter, Lander",,,,,,1975-08-20,,1982-11-11,Mars,,"Orbiter s 1. Imaging System (2 Vidicon Cameras) (VIS) 2. infrared Spectrometer for Water Vapor Mapping (MAWD) 3. Infrared Radiometer for Thermal Mapping (IRTM) Lander s 1. Imaging System (2 facsimile cameras) 2. Gas Chromatograph Mass Spectrometer (GCMS) 3. Seismometer 4. X-Ray Fluorescence Spectrometer 5. Biological Laboratory 6. Weather Instrument Package (Temperature, Pressure, Wind Velocity) 7. Remote Sampler Arm Aeroshell s 1. Retarding Potential Analyzer 2. Upper-Atmosphere Mass Spectrometer 3. Pressure, Temperature, and Density Sensors",United States,Titan IIIE-Centaur,883 kg,1975-075A,
Planetary Science,Viking 2,Viking 2,,https://science.nasa.gov/mission/viking-2/,"Orbiter, Lander",,,,,,1975-09-09,,1980-04-11,Mars,,"Orbiter 1. Imaging System (2 Vidicon Cameras) (VIS) 2. infrared Spectrometer for Water Vapor Mapping (MAWD) 3. Infrared Radiometer for Thermal Mapping (IRTM) Lander 1. Imaging System (2 facsimile cameras) 2. Gas Chromatograph Mass Spectrometer (GCMS) 3. Seismometer 4. X-Ray Fluorescence Spectrometer 5. Biological Laboratory 6. Weather Instrument Package (Temperature, Pressure, Wind Velocity) 7. Remote Sampler Arm Aeroshell 1. Retarding Potential Analyzer 2. Upper-Atmosphere Mass Spectrometer 3. Pressure, Temperature, and Density Sensors",United States,Titan IIIE-Centaur,883 kg,1975-083A,
Earth Science,Synchronous Meteorological Satellite-1 & 2,SMS,,https://science.nasa.gov/mission/sms/,Orbiter,,,,,,1975-10-16,,1981-08-01,Earth,Demonstrate the ability to put two weather satellites in geosynchronous orbit,,United States,Delta,631 kg,1975-100A,
Heliophysics,Helios 2 (Helios-B),Helios 2,,https://science.nasa.gov/mission/helios-2/,Orbiter,,,,,,1976-01-15,,1984-03-01,Sun-Earth Interaction,Investigate the Sun and the solar environment,,United States,Titan IIIE-Centaur,371.2 kg,1976-003A,
Earth Science,Laser Geodynamics Satellite-1,LAGEOS,,https://science.nasa.gov/mission/lageos/,Orbiter,,,,,,1976-05-04,,,,"Enable precise laser measurements of Earth‚Äôs shape, rotation and gravity field",,United States,Delta,411 kg,1976-039A,
Planetary Science,Voyager 2,Voyager 2,,https://science.nasa.gov/mission/voyager/voyager-2/,Flyby,1.0,,1971-06-01,,$217,1977-08-20,,,Outer Planets,"Outer Solar System, Interstellar Space",1. Imaging Science System (ISS) 2. Ultraviolet Spectrometer (UVS) 3. Infrared Interferometer Spectrometer (IRIS) 4. Planetary Radio Astronomy Experiment (PRA) 5. Photopolarimeter (PPS) 6. Triaxial Fluxgate Magnetometer (MAG) 7. Plasma Spectrometer (PLS) 8. Low-Energy Charged Particles Experiment (LECP) 9. Plasma Waves Experiment (PWS) 10. Cosmic Ray Telescope (CRS) 11. Radio Science System (RSS),United States,Titan IIIE-Centaur,721.9 kg,1977-076A,
Planetary Science,Voyager 1,Voyager 1,,https://science.nasa.gov/mission/voyager/voyager-1/,Flyby,1.0,,1971-06-01,,$217,1977-09-05,,,Outer Planets,"Outer Solar System, Interstellar Space",1. Imaging Science System (ISS) 2. Ultraviolet Spectrometer (UVS) 3. Infrared Interferometer Spectrometer (IRIS) 4. Planetary Radio Astronomy Experiment (PRA) 5. Photopolarimeter (PPS) 6. Triaxial Fluxgate Magnetometer (MAG) 7. Plasma Spectrometer (PLS) 8. Low-Energy Charged Particles Experiment (LECP) 9. Plasma Waves Experiment (PWS) 10. Cosmic Ray Telescope (CRS) 11. Radio Science System (RSS),United States,Titan IIIE-Centaur,721.9 kg,1977-084A,
Astrophysics,International Ultraviolet Explorer,IUE,,https://science.nasa.gov/mission/iue/,Space telescope,,,,,,1978-01-26,,1996-09-30,,,,United States / Europe / UK,Delta,669 kg,1978-012A,
Planetary Science,Pioneer Venus 1,Pioneer Venus 1,,https://science.nasa.gov/mission/pioneer-venus-1/,Orbiter/Probe,,,,,,1978-05-20,,1992-10-08,Venus,Orbit Venus,1. Charged Particle Retarding Potential Analyzer (ORPA) 2. Ion Mass Spectrometer (OIMS) 3. Thermal Electron Temperature Langmuir Probe (OETP) 4. Neutral Particle Mass Spectrometer (ONMS) 5. Cloud Photopolarimeter (OCPP) 6. Temperature Sounding Infrared Radiometer (OIR) 7. Magnetic Field Fluxgate Magnetometer (OMAG) 8. Solar Wind Plasma Analyzer (OPA) 9. Surface Radar Mapper (ORAD) 10. Electric Field Detector (OEFD) 11. Transient Gamma Ray Burst Detector (OGBD) 12. Radio Occultation Experiment 13. Atmospheric and Solar Corona Turbulence Experiment 14. Drag Measurements Experiment 15. Two Radio Science Experiments to Determine Gravity Field 16. Ultraviolet Spectrometer (OUVS),United States,Atlas-Centaur,374 kg,1978-051A,
Earth Science,Seasat 1,Seasat 1,,https://science.nasa.gov/mission/seasat/,Orbiter,,,,,,1978-06-27,,1978-10-10,Earth,Test oceanographic sensors and monitor Earth's seas,,United States,Atlas-Agena,1800 kg,1978-064A,
Planetary Science,Pioneer Venus 2,Pioneer Venus 2,,https://science.nasa.gov/mission/pioneer-venus-2/,Probe,,,,,,1978-08-08,,1992-08-01,Venus,Collect data as the probes descended to Venus,"Main Spacecraft: 1. Neutral Mass Spectrometer (BNMS) 2. Ion Mass Spectrometer (BIMS) Large Probe: 1. Neutral Mass Spectrometer 2. Solar Flux Radiometer 3. Gas Chromatograph 4. Infrared Radiometer 5. Cloud Particle Size Spectrometer 6. Nephelometer Small Probes (each): 1. Neutral Mass Spectrometer 2. Gas Chromatograph 3. Solar Flux Radiometer 4. Infrared Radiometer 5. Cloud Particle Size Spectrometer 6. Temperature, Pressure, Acceleration Sensors 7. Nephelometer",United States,Atlas-Centaur,380 kg,1978-078A,
Heliophysics,International Sun-Earth Explorer-3 / International Cometary Explorer,ISEE-3/ICE,,https://science.nasa.gov/mission/isee-3-ice/,Orbiter,,,,,,1978-08-12,,1997-05-05,Sun-Earth Interaction,"Measure energetic particles, electric and magnetic fields, and plasma parameters",1. Solar Wind Plasma Detector 2. Vector Helium Magnetometer 3. Low Energy Cosmic Ray Experiment 4. Medium Energy Cosmic Ray Experiment 5. High Energy Cosmic Ray Experiment 6. Plasma Waves Spectrum Analyzer 7. Energetic Particle Anisotropy Spectrometer (EPAS) 8. Interplanetary and Solar Electrons Experiment 9. Radio Mapping of Solar Disturbances Experiment 10. Solar Wind Ion Composition Experiment 11. Cosmic Ray Isotope Spectrometer 12. X-rays and Gamma-ray Bursts Experiment 13. Gamma-Ray Bursts Experiment 14. Cosmic-ray Energy Spectrum Charged-Particle Telescope,United States of America (USA),Delta 2914 (no. 144 / Thor no. 633),,,
Earth Science,Dynamics Explorer 1 and 2,Dynamics Explorer,,https://science.nasa.gov/mission/dynamics-explorer/,Orbiter,,,,,,1981-08-03,,1991-02-28,Earth,Plasma waves investigation,,United States,Delta,424 kg,1981-070A,
Earth Science,Earth Radiation Budget Satellite,ERBS,,https://science.nasa.gov/mission/erbs/,Earth Observation Satellite,,,,,,1984-10-05,,2005-10-25,Earth,Study Earth's ozone layer,,United States,Shuttle,2449 kg,1984-108B,
Earth Science,Geodetic Satellite,Geosat,,https://science.nasa.gov/mission/geosat/,Orbiter,,,,,,1985-03-12,,1990-01-01,Earth,Measure sea surface heights,,United States,Atlas E,635 kg,1985-021A,
Planetary Science,Galileo,Galileo,,https://science.nasa.gov/mission/galileo/,Orbiter and Atmospheric Probe,,Flagship,,,,1989-10-18,,2003-09-21,,,,United States,Shuttle-Inertial Upper Stage,2380 kg,1989-084B,
Astrophysics,Cosmic Background Explorer,COBE,,https://science.nasa.gov/mission/cobe/,Space telescope,,,,,,1989-11-18,,1993-12-23,,,,United States,Delta,2206 kg,1989-089A,
Astrophysics,Hubble Space Telescope,HST,,https://science.nasa.gov/mission/hubble/,Space Telescope,1.0,Flagship,1977-10-01,,"$2,100",1990-04-25,,,Low Earth Orbit,Understand the Universe,,United States,Shuttle,11600 kg,1990-037B,
Astrophysics,Compton Gamma Ray Observatory,CGRO,,https://science.nasa.gov/mission/cgro/,Space observatory,,,,,,1991-04-05,,2000-06-04,,,,United States,Shuttle,16329 kg,1991-027B,
Earth Science,Upper Atmosphere Research Satellite,UARS,,https://science.nasa.gov/mission/uars/,Orbiter,,,,,,1991-09-12,,2005-12-14,,Study Earth's upper atmosphere,,United States,Shuttle,6540 kg,1991-063B,
Astrophysics,Extreme Ultraviolet Explorer,EUVE,,https://science.nasa.gov/mission/euve/,Space telescope,,,,,,1992-06-07,,2001-01-31,,,,United States,Delta II,3275 kg,1992-031A,
Heliophysics,Solar Anomalous and Magnetospheric Particle Explorer,SAMPEX,,https://science.nasa.gov/mission/sampex/,Orbiter,,SMEX,,,,1992-07-03,,2012-11-07,,Study charged particles affecting Earth's magnetic environment,,United States,Scout,158 kg,1992-038A,
Astrophysics,Advanced Satellite for Cosmology and Astrophysics,ASCA,,https://science.nasa.gov/mission/asca/,Space telescope,,,,,,1993-02-20,,2001-03-02,,,,United States,M-3SII,420 kg,1993-011A,
Planetary Science,Clementine (Deep Space Program Science Experiment),Clementine,,https://science.nasa.gov/mission/clementine/,Orbiter,,,,,,1994-01-25,,1994-08-08,Earth's Moon/Asteroid 1620 Geographos,Test sensors and spacecraft components,Ultraviolet/Visible Camera (UV/Vis) Near-Infrared Camera (NIR) Laser Image Detection and Ranging System (LIDAR) Long-Wave Infrared Camera (LWIR) High-Resolution Camera (HIRES) Two Star Tracker Cameras Bistatic Radar Experiment S-Band Transponder Doppler Gravity Experiment Charged Particle Telescope (CPT),United States,Titan II-G,227 kg,1994-004A,
Heliophysics,Comprehensive Solar Wind Laboratory for Long-Term Solar Wind Measurements,Wind,,https://science.nasa.gov/mission/wind/,Orbiter,,,,,$550,1994-11-01,,,Sun-Earth Interaction,Measure the incoming solar wind,"1. Radio and Plasma Wave Experiment (WAVES) 2. Energetic Particle Acceleration, Composition, and Transport Experiment (EPACT) 3. Solar Wind and Suprathermal Ion Composition Experiment (SMS) -solar wind ion composition spectrometer (SWICS) -high mass resolution spectrometer (MASS) -suprathermal ion composition spectrometer (STICS) 4. Solar Wind Experiment (SWE) 5. Two Triaxial Fluxgate Magnetometers (MFI magnetic field investigation) 6. Three-Dimensional Plasma and Energetic Particle Investigation (3DP) 7. Transient Gamma Ray Spectrometer (TGRS) 8. Konus Gamma Ray Burst Studies Experiment",United States,Delta II 7925,1250 kg,1994-071A,
Earth Science,Radar Satellite-1,RADARSAT-1,,https://science.nasa.gov/mission/radarsat-1/,Orbiter,,,,,,1995-11-04,,2013-03-29,Earth,Obtain detailed images of Earth,,United States,,,,
Astrophysics,Rossi X-ray Timing Explorer,RXTE,,https://science.nasa.gov/mission/rxte/,Space telescope,1.0,MIDEX,,,,1995-12-30,,2012-01-05,,,,United States,Delta II 7920,3200 kg,1995-074A,
Planetary Science,Near Earth Asteroid Rendezvous - Shoemaker,NEAR Shoemaker,,https://science.nasa.gov/mission/near-shoemaker/,"Flyby, Orbiter, Lander",1.0,,,,,1996-02-17,,2001-02-28,Asteroid Eros,"Fly by asteroid Mathilde, orbit asteroid Eros and land on Eros",1. Multi-Spectral Imager (MSI) 2. Magnetometer (MAG) 3. Near Infrared Spectrometer (NIS) 4. X-Ray/Gamma-Ray Spectrometer (XGRS) 5. Laser Rangefinder (NLR) 6. Radio Science and Gravimetry Experiment,United States,Delta II 7925,487 kg,1996-008A,
Heliophysics,Polar,Polar,,https://science.nasa.gov/mission/polar/,Orbiter,,,,,,1996-02-24,,2008-04-28,Earth,Auroral Observations,,United States,Delta II,1300 kg,1996-013A,
Heliophysics,Fast Auroral Snapshot Explorer,FAST,,https://science.nasa.gov/mission/fast/,Orbiter,,SMEX,,,,1996-08-21,,2009-05-04,Earth,Investigate the behavior of plasma and particles during auroras,,United States,Pegasus XL,187 kg,1996-049A,
Heliophysics,Satelite de Aplicaciones Cientificas-B,SAC-B,,https://science.nasa.gov/mission/sac-b/,Orbiter,,,,,,1996-11-04,,1996-11-05,,Heliophysics and astrophysics,,United States,Pegasus XL,181 kg,1996-061B,
Astrophysics,Satelite de Aplicaciones Cientificas-B,SAC-B,,https://science.nasa.gov/mission/sac-b/,Orbiter,,,,,,1996-11-04,,1996-11-05,,Heliophysics and astrophysics,,United States,Pegasus XL,181 kg,1996-061B,
Astrophysics,High Energy Transient Explorer 1,HETE 1,,https://science.nasa.gov/mission/hete-1/,Space telescope,1.0,UNEX,1996-01-01,,,1996-11-04,,1996-11-05,,,,United States,Pegasus XL,128 kg,1996-061A,
Planetary Science,Mars Global Surveyor,MGS,,https://science.nasa.gov/mission/mars-global-surveyor/,Orbiter,,Mars Surveyor,,,,1996-11-07,,2006-11-05,Mars,,1. Mars Orbital Camera (MOC) 2. Mars Orbital Laser Altimeter (MOLA) 3. Thermal Emission Spectrometer (TES) 4. Magnetometer/Electron Reflectometer (MAG/ER) 5. Radio Science Experiment (RS) 6. Mars Relay Antenna (MR),United States,Delta II 7925,1030.5 kg,1996-062A,
Planetary Science,Mars Pathfinder,Mars Pathfinder,,https://science.nasa.gov/mission/mars-pathfinder/,"Lander, Rover",,Discovery,1993-10-01,,$266,1996-12-04,,1997-09-27,,Land a rover on Mars,,United States,Delta II 7925,463 kg,1996-068A,
Heliophysics,Advanced Composition Explorer,ACE,,https://science.nasa.gov/mission/ace/,Orbiter,,MIDEX,,,$200,1997-08-25,,,Sun-Earth Interaction,Study spaceborne energetic particles,"1. Solar Wind Ion Mass Spectrometer (SWIMS) 2. Solar Wind Ion Composition Spectrometer (SWICS) 3. Ultra-Low Energy Isotope Spectrometer (ULEIS) 4. Solar Energetic Particle Ionic Charge Analyzer (SEPICA) 5. Solar Isotope Spectrometer (SIS) 6. Cosmic Ray Isotope Spectrometer (CRIS) 7. Solar Wind Electron, Proton, and Alpha Monitor (SWEPAM) 8. Electron, Proton, and Alpha-Particle Monitor (EPAM) 9. Magnetometer (MAG)",United States,Delta II 7920,596 kg,1997-045A,
Planetary Science,Cassini-Huygens,Cassini,,https://science.nasa.gov/mission/cassini/,"Orbiter, Probe",,,,,,1997-10-15,,2017-09-15,The Saturn System,,,United States,Titan IV-Centaur,2523 kg,1997-061A,
Earth Science,Tropical Rainfall Measuring Mission,TRMM,,https://science.nasa.gov/mission/trmm/,Orbiter,,,,,,1997-11-27,,2015-04-15,Earth,Measure monthly and seasonal rainfall over the global tropics and subtropics,,United States,H-2,2394 kg,1997-074A,
Planetary Science,Lunar Prospector,Lunar Prospector,,https://science.nasa.gov/mission/lunar-prospector/,Orbiter,,,,,,1998-01-07,,1999-07-31,Earth's Moon,"Map the Moon's surface composition, and look for polar ice",Electron Reflectometer and Magnetometer (MAG/ER) Gamma-Ray Spectrometer (GRS) Neutron Spectrometer (NS) Alpha Particle Spectrometer (APS) Doppler Gravity Experiment (using S-band antenna) (DGE),United States,Athena 2,158.7 kg,1998-001A,
Heliophysics,Student Nitric Oxide Explorer,SNOE,,https://science.nasa.gov/mission/snoe/,SmallSat,,UNEX,,,,1998-02-26,,2003-09-30,Earth,Measure changes from Sun energy and other factors on Earth's upper atmosphere,,United States,Pegasus XL,120 kg,1998-012A,
Heliophysics,Transition Region And Coronal Explorer,TRACE,,https://science.nasa.gov/mission/trace/,Orbiter,,SMEX,,,,1998-04-02,,2010-06-21,Sun,Examine the three-dimensional magnetic structures that emerge through the Sun's photosphere,,United States,Pegasus XL,250 kg,1998-020A,
Planetary Science,Deep Space 1,DS-1,,https://science.nasa.gov/mission/deep-space-1/,"Flyby, Probe",,New Millenium Program,1995-10-01,,$152,1998-10-24,,2001-12-18,Near-Earth Asteroid 9660 Braille,"Technology testing, comet flyby",,United States,Delta II 7326,373.7 kg,1998-061A,
Astrophysics,Submillimeter Wave Astronomy Satellite,SWAS,,https://science.nasa.gov/mission/swas/,Space Telescope,,SMEX,,,,1998-12-06,,2004-07-21,Universe,Study the chemical composition of interstellar gas clouds,,United States,Pegasus XL,288 kg,1998-071A,
Planetary Science,Mars Climate Orbiter,MCO,,https://science.nasa.gov/mission/mars-climate-orbiter/,Orbiter,,Surveyor,,,,1998-12-11,,"Sept. 23, 1999",Mars,,,United States,Delta II 7425,338 kg,1998-073A,
Planetary Science,Mars Polar Lander / Deep Space 2,MPL,,https://science.nasa.gov/mission/mars-polar-lander-deep-space-2/,"Lander, Probe",,Surveyor,,,,1999-01-03,,1999-12-03,Mars,Deploy a lander and two penetrators on Mars,,United States,Delta II 7425,290 kg,1999-001A,
Planetary Science,Stardust / Stardust NExT,Stardust / Stardust NExT,,https://science.nasa.gov/mission/stardust/,"Flyby, Sample Return",,Discovery,1995-11-22,,$209,1999-02-07,,2011-03-24,"Asteroids, Comets","Comet Sample Return, Comet and Asteroid Flybys",1. Dust Flux Monitor Instrument (DFMI) 2. Cometary and Interstellar Dust Analyzer (CIDA) 3. Navigation Camera (NC) 4. Stardust Sample Collection (SSC) 5. Dynamic Science Experiment (DSE),United States,Delta II 7426,300 kg,1999-003A,
Astrophysics,Wide-Field Infrared Explorer,WIRE,,https://science.nasa.gov/mission/wire/,Space Telescope,,,,,,1999-03-05,,2011-05-10,,Long-term monitoring of bright stars,,United States,Pegasus XL,250 kg,1999-011A,
Earth Science,Tomographic Experiment using Radiative Recombinative Ionospheric EUV and Radio Sources,Terriers,,https://science.nasa.gov/mission/terriers/,Orbiter,,,,,,1999-05-18,,1999-10-13,,Monitor Earth's ionosphere to better predict space weather,,United States,Pegasus,120 kg,1999-026A,
Earth Science,Quick Scatterometer Mission,QuikSCAT,,https://science.nasa.gov/mission/quikscat/,Orbiter,,,,,,1999-06-20,,2018-10-02,Earth,Study ocean winds to enhance environmental predictions and weather forecasting,,United States,Titan II,,1999-034A,
Astrophysics,Chandra X-ray Observatory,Chandra,https://www.nasa.gov/wp-content/uploads/2023/03/chandra.png?w=1041,https://science.nasa.gov/mission/chandra/,Space Telescope,1.0,Great Observatories,1977,,"$1,500",1999-07-23,2004-07-01,,Universe,Detect X-ray emissions,,United States,Shuttle,4790 kg,1999-040B,https://en.wikipedia.org/wiki/Chandra_X-ray_Observatory
Earth Science,Terra,Terra,https://science.nasa.gov/wp-content/uploads/2023/06/terra-auto11-jpeg.webp,https://science.nasa.gov/mission/terra/,Orbiter,1.0,Earth Observing System,,,"$1,420",1999-12-18,2006-01-01,,Earth,"Gain an understanding of the interactions between Earth's land, atmosphere, oceans, and biology",,United States,Atlas-2 AS,4864 kg,1999-068A,https://en.wikipedia.org/wiki/Terra_(satellite)
Earth Science,Active Cavity Radiometer Irradiance Monitor Satellite,ACRIMSAT,,https://science.nasa.gov/mission/acrimsat/,Orbiter,,,,,,1999-12-21,,2013-12-14,Earth,Study total solar irradiance,,United States,Taurus,,1999-070B,
Heliophysics,Imager for Magnetopause-to-Aurora Global Exploration,IMAGE,,https://science.nasa.gov/mission/image/,Orbiter,,MIDEX,,,,2000-03-25,,2005-12-18,Sun-Earth Interaction,Studied the response of Earth’s global magnetic environment,,United States,Delta II 7326,536 kg,2000-017A,
Heliophysics,Cluster II,Cluster-II,,https://science.nasa.gov/mission/cluster/,Orbiter,,,,,,2000-08-09,,2024-09-01,Sun-Earth Interaction,Study Earth's magnetic environment,,United States,Soyuz-Fregat,550 kg,2000-045A,
Astrophysics,High Energy Transient Explorer 2,HETE 2,,https://science.nasa.gov/mission/hete-2/,Space telescope,1.0,UNEX,1997-07-01,,$27,2000-10-09,,2008-03-15,,,,United States,Pegasus,124 kg,2000-061A,
Earth Science,Earth Observing-1,EO-1,,https://science.nasa.gov/mission/eo-1/,Earth Observation,1.0,,,,,2000-11-21,,2017-03-30,Earth,Demonstrate new technologies and strategies for Earth observations,,United States,Delta II,573 kg,2000-075A,
Planetary Science,Mars Odyssey,ODY,https://science.nasa.gov/wp-content/uploads/2017/12/mars-odyssey-pia04244.jpg,https://science.nasa.gov/mission/odyssey/,Orbiter,1.0,Mars Surveyor,1998-10-01,,$218,2001-04-07,2004-08-25,,Mars,Mapping the chemical elements and minerals that make up the Martian surface,,United States,Delta II 7425,376.3 kg,2001-013A,https://en.wikipedia.org/wiki/2001_Mars_Odyssey
Astrophysics,Wilkinson Microwave Anisotropy Probe,WMAP,,https://science.nasa.gov/mission/wmap/,Space telescope,1.0,MIDEX,1996-04-01,,$150,2001-06-30,,2010-08-19,Cosmic Microwave Background,,,United States,Delta II,840 kg,2001-027A,
Planetary Science,Genesis,Genesis,,https://science.nasa.gov/mission/genesis/,Sample Return,1.0,Discovery,,,,2001-08-08,,2004-09-08,Sun-Earth Interaction,Collect solar wind samples and bring them to Earth,Solar Wind Ion Monitor Electron Monitor,United States,Delta II 7326,494 kg,2001-034A,
Earth Science,Jason-1,Jason-1,,https://science.nasa.gov/mission/jason-1/,Orbiter,1.0,,,,,2001-12-07,,2013-07-01,Earth,Monitor sea surface level and wave heights,,United States,Delta II,,2001-055A,
Heliophysics,Thermosphere Ionosphere Mesosphere Energetics and Dynamics,TIMED,,https://science.nasa.gov/mission/timed/,Orbiter,,,,,$237,2001-12-07,,,Earth,Study a little-examined region of Earth's atmosphere,,United States,Delta II,660 kg,2001-055B,
Earth Science,Stratospheric Aerosol and Gas Experiment III,SAGE-III,,https://science.nasa.gov/mission/sage-3-meteor-3m/,Orbiter,1.0,EOS,1994-10-01,,,2001-12-10,,2006-03-06,Earth,"Observe stratospheric ozone, aerosols, and water vapor from space",,United States,Zenit,,2001-056A,
Heliophysics,Reuven Ramaty High Energy Solar Spectroscopic Imager,RHESSI,,https://science.nasa.gov/mission/rhessi/,Orbiter,,SMEX,1997-10-01,,,2002-02-05,,2018-08-16,,Explore the basic physics of particle acceleration and energy release in solar flares,,United States,Pegasus XL,230 kg,2002-004A,
Earth Science,Gravity Recovery and Climate Experiment,GRACE,,https://science.nasa.gov/mission/grace/,Orbiter,2.0,ESSP,1997-05-01,,$85,2002-03-17,,2017-10-27,Earth,Measure Earth's gravity,,United States,Rokot,500 kg,2002-012A,
Earth Science,Aqua,Aqua,https://science.nasa.gov/wp-content/uploads/2023/06/aqua.jpg,https://science.nasa.gov/mission/aqua/,Orbiter,1.0,Earth Observing System,1991-10-01,,$952,2002-05-04,,,Earth,Study Earth's water cycle,,United States,Delta II,3117 kg,2002-022A,
Planetary Science,Comet Nucleus Tour,CONTOUR,,https://science.nasa.gov/mission/contour/,Flyby,1.0,Discovery,1997-08-01,,$158,2002-07-03,,2002-08-15,2-3 Comets,,,United States,Delta II 7425,328 kg,2002-034A,
Earth Science,"Ice, Clouds and Land Elevation Satellite",ICESat,,https://science.nasa.gov/mission/icesat/,Orbiter,1.0,,1998-01-26,,$200,2003-01-13,,2010-08-30,Earth,"Measure Earth's polar ice sheets, clouds, mountains and forests",,United States,Delta II,,2003-002A,
Astrophysics,Cosmic Hot Interstellar Plasma Spectrometer,CHIPS,,https://science.nasa.gov/mission/chips/,Orbiter,,UNEX,,,,2003-01-13,,2010-08-14,Universe,Study the hot gas between the stars,,United States,Delta II,60 kg,2003-002B,
Heliophysics,Solar Radiation and Climate Experiment,SORCE,,https://science.nasa.gov/mission/sorce/,Orbiter,1.0,Earth Observing System,1998-10-01,,,2003-01-25,,2020-02-20,Sun-Earth interaction,"Measure incoming X-ray, ultraviolet, visible, near-infrared, and total solar radiation",,United States,Pegasus XL,,2003-004A,
Astrophysics,Galaxy Evolution Explorer,GALEX,,https://science.nasa.gov/mission/galex/,Space Telescope,1.0,SMEX,1998-01-08,,$75,2003-04-28,,2013-06-28,Universe,Measure the history of star formation by observing the universe in ultraviolet wavelengths,,United States,Pegasus XL,280 kg,2003-017A,
Planetary Science,Mars Exploration Rovers Spirit,MER Spirit,,https://science.nasa.gov/mission/mer-spirit/,Rover,,Mars Exploration Program,2000-05-01,,$410,2003-06-10,,2011-05-25,,Clues of Past Water,1. Panoramic Mast Assembly a. panoramic cameras (Pancam) b. navigation cameras (Navcam) c. miniature thermal emission spectrometer (Mini-TES) 2. Mössbauer Spectrometer (MB) 3. Alpha Particle X-ray Spectrometer (APXS) 4. Magnets (to collect dust particles) 5. Microscopic Imager (MI) 6. Rock Abrasion Tool (RAT),United States,Delta II 7925,185 kg,2003-027A,
Planetary Science,Mars Exploration Rovers Opportunity,MER Opportunity,,https://science.nasa.gov/mission/mer-opportunity/,Rover,,Mars Exploration Program,2000-05-01,,$410,2003-07-08,,2019-02-13,Martian Surface,,1. Panoramic Mast Assembly a. panoramic cameras (Pancam) b. navigation cameras (Navcam) c. miniature thermal emission spectrometer (Mini-TES) 2. Mössbauer Spectrometer (MB) 3. Alpha Particle X-ray Spectrometer (APXS) 4. Magnets (to collect dust particles) 5. Microscopic Imager (MI) 6. Rock Abrasion Tool (RAT),United States,Delta II 7925,185 kg,2003-032A,
Astrophysics,Spitzer Space Telescope,SST,,https://science.nasa.gov/mission/spitzer/,Space Telescope,1.0,Great Observatories,1996-11-12,,$776,2003-08-25,,2020-01-30,,Study the universe in infrared,Infrared Array Camera (IRAC) Infrared Spectrograph (IRS) Multiband Imaging Photometer for Spitzer (MIPS),United States,Delta 7920H ELV,865 kg,2003-038A,
Astrophysics,Gravity Probe B,GP-B,,https://science.nasa.gov/mission/gravity-probe-b/,Orbiter,1.0,,1992-10-01,,$709,2004-04-20,,2010-12-08,,Measure two key predictions of Einstein's general theory of relativity,,United States,Delta II,3100 kg,2004-014A,
Earth Science,Aura (EOS CH-1),Aura,,https://science.nasa.gov/mission/aura/,Orbiter,,Earth Observing System,1990-10-01,,$765,2004-07-15,,,Earth,Measure trace gases in Earth's atmosphere,,United States,Delta II,,2004-026A,
Planetary Science,"MErcury Surface, Space ENvironment, GEochemistry, and Ranging",MESSENGER,,https://science.nasa.gov/mission/messenger/,Orbiter,1.0,Discovery,1999-12-01,,$427,2004-08-03,,2015-04-30,,Mapping and Science Discoveries,Mercury Dual Imaging System (MDIS) Gamma-ray Spectrometer (GRS) Neutron Spectrometer (NS) X-ray Spectrometer (XRS) Magnetometer (MAG) Mercury Laser Altimeter (MLA) Mercury Atmospheric and Surface Composition Spectrometer (MASCS) Energetic Particle and Plasma Spectrometer (EPPS) Radio Science Experiment (RS),United States,Delta II 7925,485.2 kg,2004-030A,
Astrophysics,Neil Gehrels Swift Observatory,Swift,,https://science.nasa.gov/mission/swift/,Space telescope,1.0,MIDEX,1999-10-14,,$250,2004-11-20,,,,,,United States,Delta II,1470 kg,2004-047A,
Planetary Science,Deep Impact (EPOXI - Extrasolar Planet Observation and Deep Impact Extended Investigation),Deep Impact (EPOXI),,https://science.nasa.gov/mission/deep-impact-epoxi/,"Flyby, Impact",,Discovery,1999-11-01,,$342,2005-01-12,,2013-09-20,Comet 9P/Tempel 1,Probe beneath the surface of a comet,Flyby Spacecraft : 1. High-Resolution Instrument (HRI) 2. Medium Resolution Instrument (MRI) Impactor: 1. Impact or Targeting Sensor (ITS),United States,Delta II,650 kg,2005-001A,
Planetary Science,Mars Reconnaissance Orbiter,MRO,https://science.nasa.gov/wp-content/uploads/2017/12/mars-reconnaissance-orbiter-pia04916.jpg,https://science.nasa.gov/mission/mars-reconnaissance-orbiter/,Orbiter,1.0,Mars Exploration Program,2001-10-03,2002-07-01,$720,2005-08-12,2010-09-01,,Mars,Gain better knowledge of the distribution and history of water on Mars,,United States,Atlas V 401,1031 kg,2005-029A,https://en.wikipedia.org/wiki/Mars_Reconnaissance_Orbiter
Planetary Science,New Horizons,New Horizons,https://www.jhuapl.edu/sites/default/files/2022-12/IMG_Projects_New-Horizons.jpg,https://science.nasa.gov/mission/new-horizons/,Flyby,1.0,New Frontiers,2001-11-29,,$720,2006-01-19,,,Pluto,"Pluto Flyby, Kuiper Belt Object Flyby",Ralph-Visible and Infrared Imager/Spectrometer Alice-Ultraviolet Imaging Spectrometer Radio-Science Experiment (REX) Long-Range Reconnaissance Imager (LORRI) Solar Wind and Plasma Spectrometer (SWAP) Pluto Energetic Particle Spectrometer Science Investigation (PEPSSI) Student Dust Counter (SDC),United States,Atlas V,385 kg,2006-001A,https://en.wikipedia.org/wiki/New_Horizons
Earth Science,Cloud-Aerosol Lidar and Infrared Pathfinder Satellite Observations,CALIPSO,,https://science.nasa.gov/mission/calipso/,Orbiter,1.0,ESSP,1998-12-22,,$223,2006-04-28,,2023-08-01,Earth,Probe the properties of Earth's thin clouds and aerosols,,United States,Delta II,,2006-016A,
Earth Science,Cloudsat,Cloudsat,,https://science.nasa.gov/mission/cloudsat/,Orbiter,1.0,ESSP,1999-03-30,,$185,2006-04-28,,2023-12-15,Earth,Observe Earth's clouds,,United States,Delta II,,2006-016B,
Heliophysics,Solar Terrestrial Relations Observatory A & B,STEREO,,https://science.nasa.gov/mission/stereo/,Space Telescope,2.0,Solar Terrestrial Probes,1999-11-29,,$550,2006-10-26,,,Sun,Study the Sun-Earth system,,United States,Delta II,1240 kg,2006-047A,
Heliophysics,"Time History of Events and Macroscale Magnetospheric Processes / Acceleration, Reconnection, Turbulence and Electrodynamics of the Moon’s Interaction with the Sun",THEMIS-ARTEMIS,,https://science.nasa.gov/mission/themis-artemis/,Orbiter,5.0,MIDEX,2003-03-20,,$180,2007-02-17,,,Sun-Earth interaction,How mass and energy move through the near-Earth space environment,Electric Field Instruments (EFI) Fluxgate Magnetometer (FGM) Search Coil Magnetometer (SCM) Electrostatic Analyzer (ESA) Solid State Telescope (SST),United States,Delta II 7925,385 kg,2007-004A,
Heliophysics,Aeronomy of Ice in Mesophere,AIM,,https://science.nasa.gov/mission/aim/,Orbiter,,SMEX,2002-07-11,,$140,2007-04-25,,,Earth,Study night-shining clouds,,United States,Pegasus XL,,2007-015A,
Planetary Science,Mars Phoenix,PHX,,https://science.nasa.gov/mission/mars-phoenix/,Lander,1.0,Mars Scout,2003-08-01,,$420,2007-08-04,,2008-11-02,Mars,Search for evidence of past or present microbial life,,United States,Delta II,,2007-034A,
Planetary Science,Dawn,Dawn,,https://science.nasa.gov/mission/dawn/,Orbiter,1.0,Discovery,2003-01-01,,$472,2007-09-27,,2018-10-31,Vesta and Ceres,,,United States,Delta II 7925,725 kg,2007-043A,
Heliophysics,Coupled Ion Neutral Dynamic Investigation,CINDI/CNOFS,,https://science.nasa.gov/mission/cindi/,Orbiter,,MO,,,,2008-04-16,,2015-11-28,Sun-Earth Interaction,Study space weather,,United States,Pegasus,,2008-017A,
Astrophysics,Fermi,Fermi,,https://science.nasa.gov/mission/fermi/,Space telescope,1.0,Flagship,1999-01-01,,$690,2008-06-11,,,,,,United States,Delta II,4303 kg,2008-029A,
Heliophysics,Interstellar Boundary Explorer,IBEX,,https://science.nasa.gov/mission/ibex/,Orbiter,,SMEX,2005-01-27,,$134,2008-10-19,,,Earth orbit,Map the boundary of the solar system,"Two Very Large Aperture Single Pixel ""Cameras"" : IBEX–Hi and IBEX–Lo",United States,Pegasus XL,80 kg,2008-051A,
Earth Science,Orbiting Carbon Observatory,OCO,,https://science.nasa.gov/mission/oco/,Orbiter,1.0,ESSP,2023-12-01,,$273,2009-02-24,,2009-02-24,Earth,Measure carbon dioxide in Earth's atmosphere,,United States,,,,
Planetary Science,Lunar CRater Observation and Sensing Satellite,LCROSS,,https://science.nasa.gov/mission/lcross/,"Orbiter, Impact",1.0,,2006-04-01,,$79,2009-06-18,,2009-10-09,Earth's Moon,Confirm the presence of water ice on the Moon,Visible Camera Two Near Infrared Cameras Two Mid-Infrared Cameras Visible Spectrometer Two Near-Infrared Spectrometers Total Luminescence Photometer (TLP),United States,Atlas V 401,534 kg,2009-031B,
Planetary Science,Lunar Reconnaissance Orbiter,LRO,,https://science.nasa.gov/mission/lro/,Orbiter,1.0,Constellation,2004-12-22,,$504,2009-06-18,,,Earth's Moon,Exploration and Science,,United States,Atlas V 401,500 kg,2009-031A,
Astrophysics,Wide-field Infrared Survey Explorer,WISE/NEOWISE,,https://science.nasa.gov/mission/neowise/,Space Telescope,1.0,MIDEX,2003-03-01,,$310,2009-12-14,,2024-07-31,,Search for near-Earth asteroids and comets,Cryogenic Telescope with Four Megapixel Infrared Cameras,United States,Delta II,661 kg,2009-071A,
Heliophysics,Solar Dynamics Observatory,SDO,,https://science.nasa.gov/mission/sdo/,Space Observatory,1.0,LWS,2002-09-01,,$870,2010-02-11,,,Sun,Study how solar activity is created and drives space weather,,United States,Atlas V,270 kg,2010-005A,
Planetary Science,Juno,Juno,https://d2pn8kiwq2w21t.cloudfront.net/original_images/spaceimagesimageslargesizePIA13746_hires_jm52uUh.jpg,https://science.nasa.gov/mission/juno/,Orbiter,1.0,New Frontiers,2005-06-01,2008-08-01,"$1,107",2011-08-05,2021-07-01,,Jupiter,Explore the Jovian system,,United States,Atlas V,1500 kg,2011-040A,https://en.wikipedia.org/wiki/Juno_(spacecraft)
Planetary Science,Gravity Recovery and Interior Laboratory,GRAIL,,https://science.nasa.gov/mission/grail/,Orbiter,2.0,Discovery,2007-12-11,,$496,2011-09-10,,2012-12-17,Earth's Moon,Map the Moon’s gravitational field,Lunar Gravity Ranging System (LGRS) MoonKAM L unar-Imaging system (Moon Knowledge Acquired by Middle School Student) Radio Science Beacon (RSB),United States,Delta II,132.6 kg,2011-046A,
Earth Science,Nuclear Spectroscopic Telescope Array,Suomi NPP,,https://science.nasa.gov/mission/suomi-npp/,Orbiter,1.0,Earth Observation System,1998-11-01,,$864,2011-10-28,,,Earth,"Monitor land, sea, and air for weather and climate changes",,United States,Delta II 7920,1976 kg,2011-061A,
Planetary Science,Mars Science Laboratory Curiosity,MSL,,https://science.nasa.gov/mission/msl-curiosity/,Rover,1.0,Flagship,2003-09-01,,"$2,476",2011-11-26,,,Mars surface,,,United States,Atlas V,750 kg,2011-070A,
Astrophysics,Nuclear Spectroscopic Telescope Array,NuSTAR,,https://science.nasa.gov/mission/nustar/,Space Telescope,1.0,SMEX,2008-02-25,,$170,2012-06-13,,,Universe,Map Selected Regions of the Sky,,United States,Pegasus XL,350 kg,2012-031A,
Heliophysics,Van Allen Probes,RBSP,,https://science.nasa.gov/mission/van-allen-probes/,Probe,2.0,LWS,2006-06-01,,$686,2012-08-30,,,,Study the Van Allen Belts,,United States,Atlas V 401,1500 kg,2012-046A,
Planetary Science,Lunar Atmosphere and Dust Environment Explorer,LADEE,,https://science.nasa.gov/mission/ladee/,Orbiter,1.0,Lunar Quest,2008-03-01,,$263,2013-09-07,,2014-04-17,Earth's Moon,Study Earth’s Moon,,United States,Minotaur V,248.2 kg,2013-047A,
Planetary Science,Mars Atmosphere & Volatile EvolutioN,MAVEN,,https://science.nasa.gov/mission/maven/,Orbiter,1.0,Mars Scout,2008-09-01,,$671,2013-11-18,,,Mars,Understanding the Martian upper atmosphere,,United States,Atlas V 401,,2013-063A,
Earth Science,Global Precipitation Measurement,GPM,,https://science.nasa.gov/mission/gpm/,Orbiter,1.0,Earth Systematic Missions,2002-07-01,,$946,2014-02-27,,,Earth,Measure Earth's precipitation,,United States/Japan,H-2A,3850 kg,2014-009C,
Earth Science,Orbiting Carbon Observatory-2,OCO-2,https://www.nasa.gov/wp-content/uploads/2023/03/oco2_0.jpg?w=1041,https://science.nasa.gov/mission/oco-2/,"Orbiter, Earth Observation",1.0,ESSP,2010-03-01,,$477,2014-07-02,2016-10-16,,Earth,Study Earth's atmospheric carbon dioxide from space,,United States,Delta II 7320,407 kg,2014-035A,https://en.wikipedia.org/wiki/Orbiting_Carbon_Observatory_2
Earth Science,Soil Moisture Active and Passive,SMAP,,https://science.nasa.gov/mission/smap/,Orbiter,1.0,Earth Systematic Missions,2008-09-01,,$916,2015-01-31,,,Earth,"Measure and map Earth's soil moisture and freeze/thaw state to better understand water, carbon, and energy cycles",,United States,Delta II 7320,,2015-003A,
Heliophysics,Magnetospheric Multiscale Mission,MMS,,https://science.nasa.gov/mission/mms/,Orbiter,4.0,Solar Terrestrial Probes,2003-09-01,,"$1,100",2015-03-13,,,Sun-Earth Interaction,"Astrophysics, Space Weather",,United States,Atlas V,5000 kg,2015-011A,
Planetary Science,"Origins, Spectral Interpretation, Resource Identification, Security-Regolith Explorer",OSIRIS-REx,,https://science.nasa.gov/mission/osiris-rex/,Sample Return,1.0,New Frontiers,2011-05-25,,"$1,057",2016-09-08,,,Asteroid Bennu,Collect asteroid sample and deliver it to Earth,,United States,Atlas V,1528 kg,2016-055A,
Earth Science,Cyclone Global Navigation Satellite System,CYGNSS,,https://science.nasa.gov/mission/cygnss/,Orbiter,8.0,Earth Venture Mission,2012-12-01,,$157,2016-12-15,,,Earth,Measure wind speeds over Earth's oceans,,United States,Pegasus XL,,2016-078D,
Heliophysics,Global-scale Observations of the Limb and Disk,GOLD,,https://science.nasa.gov/mission/gold/,Instrument,,MO,2013-04-12,,$65,2018-01-25,,,Earth,Study Earth’s thermosphere and ionosphere,,United States,Ariane 5 ECA,209 kg,2018-012B,
Astrophysics,Transiting Exoplanet Survey Satellite,TESS,,https://science.nasa.gov/mission/tess/,Space telescope,1.0,MIDEX,2013-04-13,,$287,2018-04-18,,,,,,United States,Falcon 9 Full Thrust,362 kg,2018-038A,
Planetary Science," Interior Exploration using Seismic Investigations, Geodesy and Heat Transport",InSight,,https://science.nasa.gov/mission/insight/,Lander,1.0,Discovery,2012-08-20,,$814,2018-05-05,,2022-12-21,Mars,Study Mars' interior structure,,United States,Atlas V 401,360 kg,2018-042A,
Planetary Science,Mars Cubesat One,MarCo,,https://science.nasa.gov/mission/marco/,CubeSat,2.0,,,,$19,2018-05-05,,2019-01-04,Mars,"Technology Demonstration, CubeSat/SmallSat",1. UHF Radio Receiver 2. X Band Radio Transmitter,United States,Atlas V-401,,,
Earth Science,Gravity Recovery and Climate Experiment-Follow On,GRACE-FO,,https://science.nasa.gov/mission/grace-fo/,Orbiter,2.0,Earth Systmatic Missions,2012-01-01,,$430,2018-05-22,,,Earth,Tracking Earth's water movement,,United States,Falcon 9 Full Thrust,,2018-047A,
Astrophysics,HaloSat,HaloSat,,https://science.nasa.gov/mission/halosat/,CubeSat,1.0,,2016-02-01,,$4,2018-07-13,,2020-09-29,,,,United States,,6 kg,1998-067NX,
Heliophysics,Parker Solar Probe,PSP,,https://science.nasa.gov/mission/parker-solar-probe/,Orbiter,,LWS,2009-12-01,,"$1,500",2018-08-12,,2025-06-19,Sun,,1. Fields Experiment (FIELDS) 2. Integrated Science Investigation of the Sun (IS☉IS ) 3. Wide Field Imager for Solar Probe (WISPR) 4. Solar Wind Electrons Alphas and Protons (SWEAP),United States,Delta IV,685 kg,2018-065A,
Earth Science,"Ice, Cloud, and Land Elevation Satellite 2",ICESat-2,,https://science.nasa.gov/mission/icesat-2/,Orbiter,1.0,Earth Systematic Missions,2009-12011,,"$1,064",2018-09-15,,,Earth,"Measure the elevation of ice sheets, glaciers, sea ice and more",,United States,Delta II,1580 kg,2018-070A,
Heliophysics,Electron Losses and Fields Investigation,ELFIN,,https://science.nasa.gov/mission/elfin/,CubeSat,,,,,,2018-09-15,,2022-09-30,Earth,Student-led investigation of a process that allows energetic electrons to escape Van Allen Belts and fall into Earth,,United States,,,,
Heliophysics,Compact Radiation belt Explorer (formerly CeREs),CeREs,,https://science.nasa.gov/mission/compact-radiation-belt-explorer/,CubeSat,,,,,,2018-12-16,,2023-10-01,Sun-Earth Interaction,Study charged particle dynamics in Earth’s radiation belts,,United States,,,,
Heliophysics,Enhanced Tandem Beacon Experiment,E-TBEx: Enhanced Tandem Beacon Experiment,,https://science.nasa.gov/mission/e-tbex/,CubeSat,2.0,,,,,2019-06-25,,2019-08-27,,Study how the dynamics and processes in the troposphere can act to cause variability in the behavior of the upper atmosphere and ionosphere,,United States,,,,
Heliophysics,Ionospheric Connection Explorer,ICON,,https://science.nasa.gov/mission/icon/,Orbiter,1.0,MIDEX,2013-04-12,,$253,2019-10-11,,2022-11-25,Earth,Explore Earth's ionosphere,,United States,Pegasus XL,288 kg,2019-068A,
Heliophysics,Solar Orbiter,Solar Orbiter,,https://science.nasa.gov/mission/solar-orbiter/,Orbiter,1.0,,2009-07-01,,$386,2020-02-10,,,Sun,"Take close-up images of the Sun, observe solar wind and the Sun's polar regions",,United States / Europe,Atlas V,1800 kg,2020-010A,
Heliophysics,Scintillation Observations & Response of the Ionosphere to Electrodynamics,SORTIE,,https://science.nasa.gov/mission/sortie/,CubeSat,1.0,,,,,2020-02-19,,,Earth,Study causes of irregularities in Earth's ionosphere,,United States,,,1998-067RH,
Planetary Science,Mars Perseverance Rover,Mars 2020,,https://science.nasa.gov/mission/mars-2020-perseverance/,Rover,1.0,Flagship,2013-11-01,,"$2,726",2020-07-30,,,"Jezero Crater, Mars",Seek signs of ancient life and collect samples of rock and regolith for possible Earth return,,United States,Atlas V,1050 kg,2020-052A,
Planetary Science,CubeSat Particle Aggregation and Collision Experiment,Q-PACE,,https://science.nasa.gov/mission/q-pace/,CubeSat,1.0,SIMPLEx,2015-09-08,,$1,2021-01-17,,2021-01-17,,Simulate Planet-Forming Processes,,United States,LauncherOne,3 kg,Q-PACE,
Heliophysics,Cusp Plasma Imaging Detector,CuPID,,https://science.nasa.gov/mission/cupid/,CubeSat,1.0,,2017-07-28,,,2021-09-27,,,,Measure soft X-rays,,United States,Atlas V 401,,2021-088E,
Planetary Science,Lucy,Lucy,,https://science.nasa.gov/mission/lucy/,Asteroid Flyby,1.0,Discovery,2017-01-04,,$989,2021-10-16,,,Trojan Asteroids,Study the Trojan asteroids,,United States,Atlas V 401,821 kg,2021-093A,
Planetary Science,Double Asteroid Redirection Test,DART,,https://science.nasa.gov/mission/dart/,Impactor,1.0,Planetary Defense,2017-06-23,,$315,2021-11-24,,2022-09-26,Dimporphos,Demonstrate asteroid deflection with a kinetic impactor,,United States,Falcon 9,670 kg,2021-110A,
Astrophysics,Imaging X-ray Polarimetry Explorer,IXPE,,https://science.nasa.gov/mission/ixpe/,Space Telescope,1.0,SMEX,2017-01-03,,$188,2021-12-09,,,Universe,"Study targets including active galactic nuclei, microquasars, pulsars and more",,United States/Italy,Falcon 9 Full Thrust,330 kg,2021-121A,
Astrophysics,James Webb Space Telescope,JWST,https://science.nasa.gov/wp-content/uploads/2023/06/jwst-spacecraftpotentialtargetsmontageflip-1200px-4-jpg.webp,https://science.nasa.gov/mission/webb/,Space Telescope,1.0,Flagship,1999-03-01,,"$8,800",2021-12-25,2027-06-05,,Universe,,,United States/Europe,Ariane 5,6500 kg,2021-130A,
Planetary Science,Near-Earth Asteroid Scout,NEA Scout,,https://science.nasa.gov/mission/nea-scout/,CubeSat,1.0,SIMPLEx,,,,2022-11-16,,2025-06-19,Asteroid 2020 GE,Study and photograph an asteroid,,United States,SLS Block 1 Crew,14 kg,2022-156H,
Planetary Science,Lunar Polar Hydrogen Mapper,LunaH-Map,,https://science.nasa.gov/mission/lunah-map/,Lunar CubeSat,1.0,SIMPLEx,2016-02-02,,$13,2022-11-16,,2023-08-03,Earth's Moon,,,United States,SLS Block 1 Crew,14 kg,2022-156J,
Earth Science,Surface Water and Ocean Topography,SWOT,,https://science.nasa.gov/mission/swot/,"Orbiter, Earth Observation",1.0,Earth Systematic Missions,2012-11-01,,$755,2022-12-16,,,Earth,Collect detailed measurements of how water bodies on Earth change over time,,United States,Falcon 9 Full Thrust,,2022-173A,
Earth Science,Time-Resolved Observations of Precipitation structure and storm Intensity with a Constellation of Smallsats,TROPICS,,https://science.nasa.gov/mission/tropics/,SmallSat,6.0,Earth Venture Instrument,2016-03-10,,$45,2023-05-26,,,,Improve forecasting for hurricanes and typhoons,,United States,Electron,,2023-073B,
Planetary Science,Psyche,Psyche,,https://science.nasa.gov/mission/psyche/,Orbiter,1.0,Discovery,2017-01-04,,$976,2023-10-13,,,Asteroid Psyche,Visit a metal-rich asteroid called Psyche,,United States,Falcon 9 Heavy,1400 kg,2023-157A,
Heliophysics,Sun Radio Interferometer Space Experiment,SunRISE,,https://science.nasa.gov/mission/sunrise/,CubeSat,6.0,MO,2020-03-30,,,2024-01-01,,,,Examine how the Sun releases particles into space,,United States,,,SUNRISE,
Earth Science,"Plankton, Aerosol, Cloud, ocean Ecosystem",PACE,,https://science.nasa.gov/mission/pace/,Orbiter,1.0,Earth Systematic Missions,2016-06-16,,$948,2024-02-08,,,Earth,Study the health of Earth's climate and ocean,,United States,Falcon 9 Full Thrust,1694 kg,2024-025A,
Astrophysics,BurstCube,BurstCube,,https://science.nasa.gov/mission/burstcube/,CubeSat,,,2018-06-01,,,2024-03-21,,2024-09-26,,,,United States,Falcon 9,,1998-067WM,
Earth Science,Polar Radiant Energy in the Far Infrared Experiment,PREFIRE,,https://science.nasa.gov/mission/prefire/,CubeSat,2.0,Earth Venture Instrument,2018-02-05,,$36,2024-05-25,,,Earth,Study Arctic Heat Emissions,,United States,Electron,,2024-099A,
Planetary Science,Europa Clipper,Europa Clipper,,https://science.nasa.gov/mission/europa-clipper/,Orbiter/Flyby,1.0,Flagship,2015-04-01,,"$5,200",2024-10-14,,,Europa: Arrives 2030,Determine if Europa has conditions suitable to support life,,United States,Falcon 9 Heavy,3241 kg,2024-182A,
Planetary Science,Lunar Trailblazer,Lunar Trailblazer,,https://science.nasa.gov/mission/lunar-trailblazer/,SmallSat/Orbiter,1.0,SIMPLEx,2019-06-20,,$69,2025-02-26,,2025-08-04,Earth's Moon,Study Water on the Moon,,United States,Falcon 9,200 kg,2025-038C,https://en.wikipedia.org/wiki/Polarimeter_to_Unify_the_Corona_and_Heliosphere
Astrophysics,"Spectro-Photometer for the History of the Universe, Epoch of Reionization and Ices Explorer",SPHEREx,,https://science.nasa.gov/mission/spherex/,Space Observatory,1.0,MIDEX,2019-02-13,,$451,2025-03-11,,,Universe,Survey the sky in optical as well as near-infrared light,,United States,Falcon 9 Full Thrust,178 kg,2025-047E,https://en.wikipedia.org/wiki/SPHEREx
Heliophysics,Polarimeter to Unify the Corona and Heliosphere,PUNCH,,https://science.nasa.gov/mission/punch/,SmallSats,4.0,SMEX,2019-06-20,,$165,2025-03-12,,,,,,United States,Falcon 9 Full Thrust,160 kg,2025-047A,
Heliophysics,Electrojet Zeeman Imaging Explorer,EZIE,,https://science.nasa.gov/mission/ezie/,SmallSat,3.0,MO,2020-12-01,,$54,2025-03-15,,,Sun-Earth Interaction,Further understanding of the Sun and Earth as an interconnected system,,United States,,,,
Earth Science,NASA-ISRO Synthetic Aperture Radar,NISAR,,https://science.nasa.gov/mission/nisar/,Orbiter,1.0,Earth Systematic Missions,2014-03-19,,"$1,148",2025-06-01,,,,Observe and measure Earth's surface,,United States/India,,,,
Heliophysics,Tandem Reconnection and Cusp Electrodynamics Reconnaissance Satellites,TRACERS,,https://science.nasa.gov/mission/tracers/,Twin Satellites,2.0,SMEX,2019-06-20,,$115,2025-07-01,,,,,,United States,Falcon 9 Full Thrust,,,
Heliophysics,Interstellar Mapping and Acceleration Probe,IMAP,,https://science.nasa.gov/mission/imap/,Orbiter,1.0,Solar Terrestrial Probes,2018-06-01,,$782,2025-09-01,,,Sun-Earth Interaction,Study solar wind boundary,,United States,Falcon 9 Full Thrust,,IMAP,
Heliophysics,Carruthers Geocorona Observatory,GLIDE,,https://science.nasa.gov/mission/carruthers-geocorona-observatory/,Space Telescope,1.0,MO,2020-12-14,,$75,2025-09-01,,,Sun-Earth Interaction,Survey Earth's exosphere,,United States,Falcon 9 Full Thrust,,GLIDE,
Heliophysics,Escape and Plasma Acceleration and Dynamics Explorers,EscaPADE,,https://science.nasa.gov/mission/escapade/,Orbiter,1.0,SIMPLEx,2019-06-20,,$69,2026-01-01,,,Mars,Study the magnetosphere of Mars,,United States,New Glenn,209 kg,ESCAPADE,
Heliophysics,EUV High-Throughput Spectroscopic Telescope,EUVST,,https://science.nasa.gov/mission/euvst/,Space Telescope,1.0,MO,2019-09-01,,$55,2026-01-01,,,Sun-Earth Interaction,"Expand how NASA studies the Sun, space, and Earth as an interconnected system",,United States / Japan / Europe,,,,
Earth Science,Investigation of Convective Updrafts,INCUS,,https://science.nasa.gov/mission/incus/,SmallSats,3.0,Earth Venture Mission,2021-11-05,,$177,2027-01-01,,,Earth,Study storms,,United States,,,,
Heliophysics,Multi-slit Solar Explorer,MUSE,,https://science.nasa.gov/mission/muse/,Space Observatory,,MIDEX,2022-02-10,,$350,2027-01-01,,,"Dynamics of the Sun, and the Sun-Earth connection","Study the physics of the solar atmosphere, and capture the clearest images of the corona",,United States,,,,
Astrophysics,Compton Spectrometer and Imager,COSI,,https://science.nasa.gov/mission/cosi/,Space telescope,1.0,SMEX,2021-10-18,,$294,2027-01-01,,,,,,United States,Falcon 9,,COSI,
Astrophysics,Nancy Grace Roman Space Telescope,Roman,,https://science.nasa.gov/mission/roman-space-telescope/,Space Telescope,1.0,Flagship,2016-02-01,,"$4,316",2027-05-01,,,"Universe, Exoplanets","Settle essential questions in the areas of dark energy, exoplanets, and astrophysics",,United States,Falcon 9 Heavy,4059 kg,ROMAN,
Planetary Science,Near-Earth Object Surveyor,NEO Surveyor,,https://science.nasa.gov/mission/neo-surveyor/,Space Telescope,1.0,Planetary Defense,2021-06-11,,"$1,595",2027-09-01,,,"Asteroids, Comets",Hunt asteroids and comets that may be potential hazards to Earth,,United States,,,,
Planetary Science,Dragonfly,Dragonfly,,https://science.nasa.gov/mission/dragonfly/,Rotorcraft Lander,1.0,New Frontiers,2019-06-17,,"$3,350",2028-07-01,,,Titan,Explore diverse locations to characterize the habitability of Titan's environment,,United States,,420 kg,DRAGONFLY,
Heliophysics,HelioSwarm,HelioSwarm,,https://science.nasa.gov/mission/helioswarm/,Orbiter,9.0,MIDEX,2022-02-10,,$550,2029-01-01,,,Sun-Earth Interaction,Study solar wind turbulence,,United States,,,,
Earth Science,Gravity Recovery and Climate Experiment-Continuity,GRACE-Continuity,,https://science.nasa.gov/mission/grace-c/,Orbiter,2.0,Earth Systmatic Missions,2023-03-01,,$618,2029-01-01,,,Earth,Tracking Earth's water movement,,United States,,,,
Planetary Science,"Venus Emissivity, Radio Science, InSAR, Topography, and Spectroscopy",VERITAS,,https://science.nasa.gov/mission/veritas/,Orbiter,1.0,Discovery,2021-06-02,,"$1,100",2031-01-01,,,Venus,Study Venus,,United States,,,VERITAS,
Planetary Science,"Deep Atmosphere Venus Investigation of Noble gases, Chemistry, and Imaging",DAVINCI,,https://science.nasa.gov/mission/davinci/,Flyby / Atmospheric Probe,1.0,Discovery,2021-06-02,,"$1,100",2031-01-01,,,Venus,Study Venus from above its clouds to its surface,,United States,Electron,4 kg,2018-104J,
Planetary Science,Mars Sample Return,MSR,,https://science.nasa.gov/mission/mars-sample-return/,Sample Return,3.0,Flagship,2020-12-01,,,,,,Mars and Earth,Bring Mars samples collected by the Perseverance rover to Earth,,United States,,,,
Planetary Science,Volatiles Investigating Polar Exploration Rover,VIPER,,https://science.nasa.gov/mission/viper/,Rover,1.0,LDEP,2019-10-01,,$505,,,,Lunar surface,"Map the location of water ice and other potential resources
",,United States,,,,
Planetary Science,Janus,Janus,,https://science.nasa.gov/mission/janus/,Flyby,1.0,SIMPLEx,2019-06-20,,$41,,,,Asteroids,Study different orbits of two different binary asteroids systems,,United States,,36 kg,JANUS,
Heliophysics,Geospace Dynamics Constellation,GDC,,https://science.nasa.gov/mission/gdc/,Orbiter,,LWS,2021-06-30,,,,,,Sun-Earth Interaction,Study Earth’s upper atmosphere,,United States,,,,
Earth Science,,ATS,,https://science.nasa.gov/mission/ats/,Orbiters,,,,,,,,,,"Weather observations, investigation of the space environment",,United States,,,,
